repo,pr_number,sha,sha_short,message,url
FNF-Phoenix-Engine,17,af09202348924912353fa6aaa9970e140436a925,af09202,docs: document function interfaces,https://github.com/havaianasdestruido/FNF-Phoenix-Engine/commit/af09202348924912353fa6aaa9970e140436a925
FNF-Phoenix-Engine,17,b03cf22250bd457423560ee614e80895ada78b16,b03cf22,Merge branch 'main' into codex/add-javadoc/jsdoc-tags-to-functions,https://github.com/havaianasdestruido/FNF-Phoenix-Engine/commit/b03cf22250bd457423560ee614e80895ada78b16
FNF-Phoenix-Engine,14,7701ed8e5530a6192de386e5244cb8d370332f1d,7701ed8,fix: repair broken GitHub Actions workflows,https://github.com/havaianasdestruido/FNF-Phoenix-Engine/commit/7701ed8e5530a6192de386e5244cb8d370332f1d
FNF-Phoenix-Engine,14,1c73057ab2fb5a625d312d69ed3eb03bed9cbc47,1c73057,fix: repair broken GitHub Actions workflows and project haxelib dependencies,https://github.com/havaianasdestruido/FNF-Phoenix-Engine/commit/1c73057ab2fb5a625d312d69ed3eb03bed9cbc47
FNF-Phoenix-Engine,14,31dd949d22f0cdb30abe0d92249d2cc09044c1ff,31dd949,fix: repair broken GitHub Actions workflows and Android compilation issues,https://github.com/havaianasdestruido/FNF-Phoenix-Engine/commit/31dd949d22f0cdb30abe0d92249d2cc09044c1ff
FNF-Phoenix-Engine,14,f76f7fea749db8c1434656c779d714e4884d6d5e,f76f7fe,fix: repair broken GitHub Actions workflows and Android build compilation issues,https://github.com/havaianasdestruido/FNF-Phoenix-Engine/commit/f76f7fea749db8c1434656c779d714e4884d6d5e
FNF-Phoenix-Engine,30,7c34406a8edaf8816ce6e42696260ec9153c5081,7c34406,compress images by ~19% + add tools/compress-images scripts,https://github.com/havaianasdestruido/FNF-Phoenix-Engine/commit/7c34406a8edaf8816ce6e42696260ec9153c5081
FNF-Phoenix-Engine,29,d521e58d01f20453f3a15dcf20ead50ce3a08558,d521e58,build: add NO_BUILTIN_CONTENT content-stripped (copyright-safe) build flag,https://github.com/havaianasdestruido/FNF-Phoenix-Engine/commit/d521e58d01f20453f3a15dcf20ead50ce3a08558
FNF-Phoenix-Engine,29,20d46aade615edf1dae8511a09bd6d2c83290c08,20d46aa,"Address PR review: strip week achievement art, harden stripped-build fallbacks",https://github.com/havaianasdestruido/FNF-Phoenix-Engine/commit/20d46aade615edf1dae8511a09bd6d2c83290c08
FNF-Phoenix-Engine,29,65f2dce69eab35e288dc32e4ffb4d16a678f696f,65f2dce,Merge branch 'main' into arena/01a0e3c1-fnf-phoenix-engine,https://github.com/havaianasdestruido/FNF-Phoenix-Engine/commit/65f2dce69eab35e288dc32e4ffb4d16a678f696f
FNF-Phoenix-Engine,28,76747e2e9e0b9a52854cad739ecd8bd8816ef364,76747e2,tools: default audio compressor root to the repository root,https://github.com/havaianasdestruido/FNF-Phoenix-Engine/commit/76747e2e9e0b9a52854cad739ecd8bd8816ef364
FNF-Phoenix-Engine,28,41c16fcb8de196fc81228e82f48e63371e2dfee3,41c16fc,tools: fix File.Replace() failure that aborted every compressed file,https://github.com/havaianasdestruido/FNF-Phoenix-Engine/commit/41c16fcb8de196fc81228e82f48e63371e2dfee3
FNF-Phoenix-Engine,28,7e29fc99e6c256fd280dbb9fff0142f49b671292,7e29fc9,tools: address review findings on the audio compressor,https://github.com/havaianasdestruido/FNF-Phoenix-Engine/commit/7e29fc99e6c256fd280dbb9fff0142f49b671292
FNF-Phoenix-Engine,27,312d1126afd9275ff329e53e55c742a5acd58804,312d112,tools: add audio compression scripts,https://github.com/havaianasdestruido/FNF-Phoenix-Engine/commit/312d1126afd9275ff329e53e55c742a5acd58804
FNF-Phoenix-Engine,27,3be0e21f3f87f7cc245e7bf1422dedb54007c049,3be0e21,fix: make audio compression replacement safer,https://github.com/havaianasdestruido/FNF-Phoenix-Engine/commit/3be0e21f3f87f7cc245e7bf1422dedb54007c049
FNF-Phoenix-Engine,26,e37f652bcb8148d921510e495f80859f0ff43883,e37f652,docs: expand every TBD section in CODESTYLE.md,https://github.com/havaianasdestruido/FNF-Phoenix-Engine/commit/e37f652bcb8148d921510e495f80859f0ff43883
FNF-Phoenix-Engine,25,c4e382828d60c85d1422f56181080f427864c86a,c4e3828,feat: add Phoenix URI menu deep links across mobile and Windows,https://github.com/havaianasdestruido/FNF-Phoenix-Engine/commit/c4e382828d60c85d1422f56181080f427864c86a
FNF-Phoenix-Engine,25,6d0d1f85d88e75702ad429da382d661be7635752,6d0d1f8,fix: use non-null asset library for URI registration scripts,https://github.com/havaianasdestruido/FNF-Phoenix-Engine/commit/6d0d1f85d88e75702ad429da382d661be7635752
FNF-Phoenix-Engine,25,b257f4c8e76027cc7912677cedb7047a9dba94fe,b257f4c,fix: wrap parameterized menu constructors in state factories,https://github.com/havaianasdestruido/FNF-Phoenix-Engine/commit/b257f4c8e76027cc7912677cedb7047a9dba94fe
FNF-Phoenix-Engine,24,ea3a8e011292216b8726b0ca92ef716fbcd7c86d,ea3a8e0,Android platform layer + mobile editor support (TODO.md P1/P2 mobile tasks),https://github.com/havaianasdestruido/FNF-Phoenix-Engine/commit/ea3a8e011292216b8726b0ca92ef716fbcd7c86d
FNF-Phoenix-Engine,24,b9604f225dacacd35deeb0086aa2204b763c52b4,b9604f2,Address review findings on the Android platform layer,https://github.com/havaianasdestruido/FNF-Phoenix-Engine/commit/b9604f225dacacd35deeb0086aa2204b763c52b4
FNF-Phoenix-Engine,24,6a3ac4ccb584b19239f649b1310d92a597a0ec9c,6a3ac4c,Keep cold-start deep link buffered until confirmed delivery; editor/save guards,https://github.com/havaianasdestruido/FNF-Phoenix-Engine/commit/6a3ac4ccb584b19239f649b1310d92a597a0ec9c
FNF-Phoenix-Engine,24,6b137f91839511a768902f7298db0e3044d39d75,6b137f9,Fix Android CI build: stop shadowing Lime's android.* extern classes,https://github.com/havaianasdestruido/FNF-Phoenix-Engine/commit/6b137f91839511a768902f7298db0e3044d39d75
FNF-Phoenix-Engine,24,5deae817ba9e5838a59374b0d78167fbfb268c03,5deae81,Fix AndroidBridge compile errors: field clash + missing typedef import,https://github.com/havaianasdestruido/FNF-Phoenix-Engine/commit/5deae817ba9e5838a59374b0d78167fbfb268c03
FNF-Phoenix-Engine,23,bd0d04e5afcc79283929fcf7fe37692f81086b41,bd0d04e,"docs: explain how the source-haxelib-patches work, why they exist and what they fix",https://github.com/havaianasdestruido/FNF-Phoenix-Engine/commit/bd0d04e5afcc79283929fcf7fe37692f81086b41
FNF-Phoenix-Engine,22,a4022759366be6059979facf3e0d5d622d0d5dc3,a402275,Fix mobile hitboxes/buttons following the gameplay camera,https://github.com/havaianasdestruido/FNF-Phoenix-Engine/commit/a4022759366be6059979facf3e0d5d622d0d5dc3
FNF-Phoenix-Engine,22,01de5f147fe378f1272621cb36974af02467bdd4,01de5f1,Merge branch 'main' into arena/01a0de64-fnf-phoenix-engine,https://github.com/havaianasdestruido/FNF-Phoenix-Engine/commit/01de5f147fe378f1272621cb36974af02467bdd4
FNF-Phoenix-Engine,21,681188aac132445ec406dfa620b9c4ec6c9646e8,681188a,Fix mobile buttons not appearing + font copy failures on install,https://github.com/havaianasdestruido/FNF-Phoenix-Engine/commit/681188aac132445ec406dfa620b9c4ec6c9646e8
FNF-Phoenix-Engine,21,7ad5eaf4791a0c7111d41425f09911b24323b5e3,7ad5eaf,"Address review: skip packaged fonts in CopyState, pad visibility around modals",https://github.com/havaianasdestruido/FNF-Phoenix-Engine/commit/7ad5eaf4791a0c7111d41425f09911b24323b5e3
FNF-Phoenix-Engine,20,9bc31254e29934dfaaa8ad0f0bd4e5ac86bf2bf2,9bc3125,fix(android): ship libc++_shared.so inside the APK,https://github.com/havaianasdestruido/FNF-Phoenix-Engine/commit/9bc31254e29934dfaaa8ad0f0bd4e5ac86bf2bf2
FNF-Phoenix-Engine,20,0e2a2578a3da083bffaf57ba303670938af49c43,0e2a257,fix(android): Sys.systemName is a function in Haxe 4.3,https://github.com/havaianasdestruido/FNF-Phoenix-Engine/commit/0e2a2578a3da083bffaf57ba303670938af49c43
FNF-Phoenix-Engine,20,ead5ce2ae19c7c0cec487142e7a3aa5f8bbea3d1,ead5ce2,fix(android): satisfy @:nullSafety when reading ANDROID_NDK_ROOT,https://github.com/havaianasdestruido/FNF-Phoenix-Engine/commit/ead5ce2ae19c7c0cec487142e7a3aa5f8bbea3d1
FNF-Phoenix-Engine,19,b86002c7a1ca0b9ec8c7607ef16ffc3715637ffa,b86002c,fix: point Android artifact uploads at the debug APK flavor,https://github.com/havaianasdestruido/FNF-Phoenix-Engine/commit/b86002c7a1ca0b9ec8c7607ef16ffc3715637ffa
FNF-Phoenix-Engine,18,c603b0035227e6dfc0f18910b2623bbc63ac6fb1,c603b00,fix(ci): disable hxcpp LTO for Android,https://github.com/havaianasdestruido/FNF-Phoenix-Engine/commit/c603b0035227e6dfc0f18910b2623bbc63ac6fb1
FNF-Phoenix-Engine,16,d7b4de828255471fa72726c7f24d58ff58a477ba,d7b4de8,fix(ci): limit Windows C++ build parallelism,https://github.com/havaianasdestruido/FNF-Phoenix-Engine/commit/d7b4de828255471fa72726c7f24d58ff58a477ba
FNF-Phoenix-Engine,16,9bd823dad2063c1288cae53a3186dd36c4d4215f,9bd823d,fix: avoid TankmenBG reset signature conflict,https://github.com/havaianasdestruido/FNF-Phoenix-Engine/commit/9bd823dad2063c1288cae53a3186dd36c4d4215f
FNF-Phoenix-Engine,15,00139b4a6962e49172a2115b3fdf616187fed9dd,00139b4,refactor: rename inappropriate identifiers,https://github.com/havaianasdestruido/FNF-Phoenix-Engine/commit/00139b4a6962e49172a2115b3fdf616187fed9dd
FNF-Phoenix-Engine,13,12717f68da1681f9548e882178e505c47e35a11d,12717f6,workflow: default builds to Windows and Android with toggle,https://github.com/havaianasdestruido/FNF-Phoenix-Engine/commit/12717f68da1681f9548e882178e505c47e35a11d
FNF-Phoenix-Engine,13,582c98e27bb7cff13c5f6973f9829e97e7b9d1b0,582c98e,workflow: default builds to Windows and Android with toggle,https://github.com/havaianasdestruido/FNF-Phoenix-Engine/commit/582c98e27bb7cff13c5f6973f9829e97e7b9d1b0
FNF-Phoenix-Engine,13,57adef303a2c3a7539b0d3812f0dfd3bb36939ae,57adef3,Merge branch 'main' into jules-15472080900066083561-4f7fe005,https://github.com/havaianasdestruido/FNF-Phoenix-Engine/commit/57adef303a2c3a7539b0d3812f0dfd3bb36939ae
FNF-Phoenix-Engine,12,f275f5e55e21feea5d1a6067ab4eae594897faa3,f275f5e,Fix UTF-8 BOM in hmm.json and JSON configs,https://github.com/havaianasdestruido/FNF-Phoenix-Engine/commit/f275f5e55e21feea5d1a6067ab4eae594897faa3
FNF-Phoenix-Engine,11,42ad9bcc91179cb478bb3d0a77b9f5f3e064ebb4,42ad9bc,Rename engine executable and package name to FNF-Phoenix-Engine and quack.fnf.phoenix,https://github.com/havaianasdestruido/FNF-Phoenix-Engine/commit/42ad9bcc91179cb478bb3d0a77b9f5f3e064ebb4
FNF-Phoenix-Engine,11,9304f53c5621d8d370f89aa0f681b58d6075a461,9304f53,Merge branch 'main' into rename-executable-phoenix-engine-9312091600553147924,https://github.com/havaianasdestruido/FNF-Phoenix-Engine/commit/9304f53c5621d8d370f89aa0f681b58d6075a461
FNF-Phoenix-Engine,10,b049c3172a677cf9b9ee456783a778a55f4d710c,b049c31,Add mobile and Android support with touch controls and CI workflows,https://github.com/havaianasdestruido/FNF-Phoenix-Engine/commit/b049c3172a677cf9b9ee456783a778a55f4d710c
FNF-Phoenix-Engine,10,e18aa9c3d85cf8c350f31bbc5c14665bd8c364e6,e18aa9c,Fix HXP certificate reference and update mobile CI workflows,https://github.com/havaianasdestruido/FNF-Phoenix-Engine/commit/e18aa9c3d85cf8c350f31bbc5c14665bd8c364e6
FNF-Phoenix-Engine,10,adee2fec8cbd7d2f5f817d7fc563565fd413b630,adee2fe,Fix Certificate type qualification in project.hxp for HXP build,https://github.com/havaianasdestruido/FNF-Phoenix-Engine/commit/adee2fec8cbd7d2f5f817d7fc563565fd413b630
FNF-Phoenix-Engine,10,4e86b3429b20cb3eeddf3828485508a12fe9bf86,4e86b34,"Fix mobile CI workflow paths, keystore handling, and null safety",https://github.com/havaianasdestruido/FNF-Phoenix-Engine/commit/4e86b3429b20cb3eeddf3828485508a12fe9bf86
FNF-Phoenix-Engine,10,b88410f0e50681c0d2ebad8cdf10adbfbe1c3b48,b88410f,Add mobile (Android) target support and touch controls,https://github.com/havaianasdestruido/FNF-Phoenix-Engine/commit/b88410f0e50681c0d2ebad8cdf10adbfbe1c3b48
FNF-Phoenix-Engine,9,26d32981f30b4fb5d2fb9e9c375e50d38a3bc11a,26d3298,Fix failing workflows and optimize cache system,https://github.com/havaianasdestruido/FNF-Phoenix-Engine/commit/26d32981f30b4fb5d2fb9e9c375e50d38a3bc11a
FNF-Phoenix-Engine,9,9e12696349944743295cc02ee2fdcfe10eb96066,9e12696,"Fix failing workflows, build artifact paths, and cache system",https://github.com/havaianasdestruido/FNF-Phoenix-Engine/commit/9e12696349944743295cc02ee2fdcfe10eb96066
FNF-Phoenix-Engine,9,1174eb2f22d33147524fbe7fa486422c13aee988,1174eb2,"Fix failing workflows, build artifact paths, and cache system",https://github.com/havaianasdestruido/FNF-Phoenix-Engine/commit/1174eb2f22d33147524fbe7fa486422c13aee988
hemorroidabot,2,9611bd3a2e82b786aaaac0fa3435b1d1556fb5a3,9611bd3,Add pt-BR and en-US i18n support,https://github.com/havaianasdestruido/hemorroidabot/commit/9611bd3a2e82b786aaaac0fa3435b1d1556fb5a3
hemorroidabot,1,01192ecb6b21eab290172910a228fdfde0c1321a,01192ec,[ImgBot] Optimize images,https://github.com/havaianasdestruido/hemorroidabot/commit/01192ecb6b21eab290172910a228fdfde0c1321a
PersonaDB,3,93bf14e62d3baaf84470d8204a1c648a34621b6b,93bf14e,docs: add hypothetical performance optimization analysis in rewrite.MD,https://github.com/havaianasdestruido/PersonaDB/commit/93bf14e62d3baaf84470d8204a1c648a34621b6b
PersonaDB,2,67921f8f8af5e8ff7c52077400e33dd7ae7d7926,67921f8,Add dataset loading and export utilities,https://github.com/havaianasdestruido/PersonaDB/commit/67921f8f8af5e8ff7c52077400e33dd7ae7d7926
PersonaDB,2,6144e24cbdb31257067696ee148be9993d997fdd,6144e24,Address review feedback for data utilities,https://github.com/havaianasdestruido/PersonaDB/commit/6144e24cbdb31257067696ee148be9993d997fdd
PersonaDB,2,16a3ec6dc66c93c2e108b88e631e671e1d33b8e6,16a3ec6,Fix project Ruff lint findings,https://github.com/havaianasdestruido/PersonaDB/commit/16a3ec6dc66c93c2e108b88e631e671e1d33b8e6
PersonaDB,1,425af85dc6162210ee0902889f905ab89c9591a1,425af85,Add deterministic generation pipeline tooling,https://github.com/havaianasdestruido/PersonaDB/commit/425af85dc6162210ee0902889f905ab89c9591a1
PersonaDB,1,4ec345a922409f39ba7b19c272e31f86955b9ef5,4ec345a,"Add docstrings for dataset generation, benchmarking, and validation",https://github.com/havaianasdestruido/PersonaDB/commit/4ec345a922409f39ba7b19c272e31f86955b9ef5
pong-pop,3,0b452305acfc9acbde3097a56f397fe7e0de921f,0b45230,Show score on play button during games,https://github.com/havaianasdestruido/pong-pop/commit/0b452305acfc9acbde3097a56f397fe7e0de921f
pong-pop,2,796d5c1f8434666fa2d70df3093f594ec3d26c03,796d5c1,Smooth AI paddle window movement,https://github.com/havaianasdestruido/pong-pop/commit/796d5c1f8434666fa2d70df3093f594ec3d26c03
pong-pop,1,ebce1a99b0c8c9c21ffd5527c3b589af2b134f73,ebce1a9,Create popup window Pong game,https://github.com/havaianasdestruido/pong-pop/commit/ebce1a99b0c8c9c21ffd5527c3b589af2b134f73
top100,1,e3147393b4141b1d00ec9087e94d922160b0f150,e314739,site: turn the 117-word page into a real content site for AI and search visibility,https://github.com/havaianasdestruido/top100/commit/e3147393b4141b1d00ec9087e94d922160b0f150
top100,1,57aabb98925d9200f16f805c295fc63fc9f1a816,57aabb9,review: fix 17 verified issues found in the first pass,https://github.com/havaianasdestruido/top100/commit/57aabb98925d9200f16f805c295fc63fc9f1a816
abnt-skill,1,97bbcb0343a89e73e3ea84020507162937f43cd0,97bbcb0,Transforma projeto na abnt-skill: comando /abnt sobre skills oficiais (docx/pdf/pptx/xlsx),https://github.com/havaianasdestruido/abnt-skill/commit/97bbcb0343a89e73e3ea84020507162937f43cd0
AudioTaste,1,4e7ad01509542836213e7125ccc4fb067bb78d9b,4e7ad01,Install Vercel Speed Insights with framework support,https://github.com/havaianasdestruido/AudioTaste/commit/4e7ad01509542836213e7125ccc4fb067bb78d9b
bootloader-unlock-wall-of-shame,2,56a64ea58aa8febe86b41c77418ecac11e63f4d2,56a64ea,fix grammar and spelling across markdown files,https://github.com/havaianasdestruido/bootloader-unlock-wall-of-shame/commit/56a64ea58aa8febe86b41c77418ecac11e63f4d2
bootloader-unlock-wall-of-shame,1,100ad86e7cb044600a62531c9d5998558e4968e5,100ad86,[ImgBot] Optimize images,https://github.com/havaianasdestruido/bootloader-unlock-wall-of-shame/commit/100ad86e7cb044600a62531c9d5998558e4968e5
brasilapidumped,1,1d9201b24c43ff44f40b0fe8d1f3bfce70fea193,1d9201b,feat: add ordered resumable BrasilAPI scraper and live run report,https://github.com/havaianasdestruido/brasilapidumped/commit/1d9201b24c43ff44f40b0fe8d1f3bfce70fea193
BulkStarHistoryAdd,1,0cdc36dad5cb32be088ac6afa40f2c6e8cb4ae01,0cdc36d,[ImgBot] Optimize images,https://github.com/havaianasdestruido/BulkStarHistoryAdd/commit/0cdc36dad5cb32be088ac6afa40f2c6e8cb4ae01
calculator,1,2ec7688d290121f4b17e28dec9da97486e5fef6c,2ec7688,[ImgBot] Optimize images,https://github.com/havaianasdestruido/calculator/commit/2ec7688d290121f4b17e28dec9da97486e5fef6c
ClassHub,1,94470ef444bc38677700f6a4681d334f398323a9,94470ef,docs: adicionar Javadoc/JSDoc em pt-BR em todo o backend e frontend,https://github.com/havaianasdestruido/ClassHub/commit/94470ef444bc38677700f6a4681d334f398323a9
ClassHub,1,2666af7097e22a05cf6d8772dd71ad44ee2b6c1b,2666af7,docs: corrigir Javadoc/JSDoc conforme revisão,https://github.com/havaianasdestruido/ClassHub/commit/2666af7097e22a05cf6d8772dd71ad44ee2b6c1b
dadosabertos,1,36566647e1b5ae5f2f61c4d71c0eca0560321a1e,3656664,indexclone: mirror + de-duplicate six public document listings,https://github.com/havaianasdestruido/dadosabertos/commit/36566647e1b5ae5f2f61c4d71c0eca0560321a1e
dadosabertos,1,8ba0ce4fb5edc7f8e54f92135db90e9441e5d25d,8ba0ce4,"filters, stale-size handling, README and regenerated example outputs",https://github.com/havaianasdestruido/dadosabertos/commit/8ba0ce4fb5edc7f8e54f92135db90e9441e5d25d
dadosabertos,1,1705d08eb525f9ae723485c3f77bbe84a7f8eec2,1705d08,snapshots: add Macau March 2013 and the CVM DFP archive listings,https://github.com/havaianasdestruido/dadosabertos/commit/1705d08eb525f9ae723485c3f77bbe84a7f8eec2
dadosabertos,1,00f816b3788b57ac348a7759aae52ece7aaa919e,00f816b,README: keep the real run out of the committed example folder,https://github.com/havaianasdestruido/dadosabertos/commit/00f816b3788b57ac348a7759aae52ece7aaa919e
dadosabertos,1,c686ccee266ca87958addf7d35d6c5cf16ac9f11,c686cce,"review fixes: budget double-charge, index-page containment, config defaults",https://github.com/havaianasdestruido/dadosabertos/commit/c686ccee266ca87958addf7d35d6c5cf16ac9f11
FNF-Cubes-Live-Wallpaper,3,94b2b4ec1d5fa75a25b43b95b0c3137160113422,94b2b4e,Add IBGE Censo 2022 name datasets and scraper,https://github.com/havaianasdestruido/FNF-Cubes-Live-Wallpaper/commit/94b2b4ec1d5fa75a25b43b95b0c3137160113422
FNF-Cubes-Live-Wallpaper,2,eb679631e91f8676e5bfc6436980bd0906bb28c4,eb67963,Add Android APK build and artifact CI,https://github.com/havaianasdestruido/FNF-Cubes-Live-Wallpaper/commit/eb679631e91f8676e5bfc6436980bd0906bb28c4
FNF-Cubes-Live-Wallpaper,2,fde547ed5c1757e2de1596be79248126078420bd,fde547e,Avoid obsolete Android SDK tools package in CI,https://github.com/havaianasdestruido/FNF-Cubes-Live-Wallpaper/commit/fde547ed5c1757e2de1596be79248126078420bd
FNF-Cubes-Live-Wallpaper,1,fae76cc39b76be7f4d362bd18744b0853b4a055d,fae76cc,"Texture the cubes with random Phoenix Engine icons, switched by group",https://github.com/havaianasdestruido/FNF-Cubes-Live-Wallpaper/commit/fae76cc39b76be7f4d362bd18744b0853b4a055d
FNF-Cubes-Live-Wallpaper,1,79c2cea8287f726e713eef0c602b1879599ae92d,79c2cea,"Use the normal health icon frame only, crop the sprite strips",https://github.com/havaianasdestruido/FNF-Cubes-Live-Wallpaper/commit/79c2cea8287f726e713eef0c602b1879599ae92d
FNF-Cubes-Live-Wallpaper,1,8d2b97416c77aad2ec3f01f6330e0b0c3cbf7f2b,8d2b974,Address the review comments on the icon group branch,https://github.com/havaianasdestruido/FNF-Cubes-Live-Wallpaper/commit/8d2b97416c77aad2ec3f01f6330e0b0c3cbf7f2b
FNF-Cubes-Live-Wallpaper,1,2ff4d00e48f7bf799a01069cfb93ff3bd96f6b6c,2ff4d00,Harden the icon publishing in tools/fetch_icons.py,https://github.com/havaianasdestruido/FNF-Cubes-Live-Wallpaper/commit/2ff4d00e48f7bf799a01069cfb93ff3bd96f6b6c
FNF-Cubes-Live-Wallpaper,1,6b8c7f0828b678394dfb6aec7a65edd0824be3e7,6b8c7f0,Check the fetched icons against IconGroups.java and back up replaced ones,https://github.com/havaianasdestruido/FNF-Cubes-Live-Wallpaper/commit/6b8c7f0828b678394dfb6aec7a65edd0824be3e7
FNF-PeoteView,1,354c48e9e18eafea87696d0ed8be12c2dc95f758,354c48e,[ImgBot] Optimize images,https://github.com/havaianasdestruido/FNF-PeoteView/commit/354c48e9e18eafea87696d0ed8be12c2dc95f758
freellmapi,2,3b9aa4cb201af8cb2a35e2236d59d62d7b7181a0,3b9aa4c,[ImgBot] Optimize images,https://github.com/havaianasdestruido/freellmapi/commit/3b9aa4cb201af8cb2a35e2236d59d62d7b7181a0
freellmapi,1,e27d942a5565bfab15708c929477b42ccf45a586,e27d942,docs: fix README grammar and spelling,https://github.com/havaianasdestruido/freellmapi/commit/e27d942a5565bfab15708c929477b42ccf45a586
g1,1,5577785a62a7a582edf801e4c6b9e75aadafda2e,5577785,Add G1 RSS merger with deduplication and tests,https://github.com/havaianasdestruido/g1/commit/5577785a62a7a582edf801e4c6b9e75aadafda2e
g1,1,75eaf3498df4f50018da7195a52ed2445b7a20cd,75eaf34,Commit live RSS snapshot from Actions runner,https://github.com/havaianasdestruido/g1/commit/75eaf3498df4f50018da7195a52ed2445b7a20cd
g1,1,9c406074f0f7248d98419b264d7a5749eb9136f4,9c40607,Update G1 RSS JSONL snapshot,https://github.com/havaianasdestruido/g1/commit/9c406074f0f7248d98419b264d7a5749eb9136f4
g1,1,32dafde694e374755166647d12f8882665b8b2cc,32dafde,Guard RSS snapshot job to its branch [skip ci],https://github.com/havaianasdestruido/g1/commit/32dafde694e374755166647d12f8882665b8b2cc
Giggles-Shit,1,021ad06817d7142043b7ce2bc4eafe25e2439f49,021ad06,[ImgBot] Optimize images,https://github.com/havaianasdestruido/Giggles-Shit/commit/021ad06817d7142043b7ce2bc4eafe25e2439f49
gitgithub,3,b5da76343c699ed5fc1917bcfbcfbc130673b80d,b5da763,docs: expand TBA sections in README with Git command examples,https://github.com/havaianasdestruido/gitgithub/commit/b5da76343c699ed5fc1917bcfbcfbc130673b80d
gitgithub,2,e2d1aa0b8786d369da48008c09c5c4a8a8ad0870,e2d1aa0,fix: correcao de gramatica e ortografia no README.MD,https://github.com/havaianasdestruido/gitgithub/commit/e2d1aa0b8786d369da48008c09c5c4a8a8ad0870
gitgithub,2,74f7000ead8f6de310681dbf5279c36914149d55,74f7000,Merge branch 'main' into fix-readme-grammar-9987866976443268935,https://github.com/havaianasdestruido/gitgithub/commit/74f7000ead8f6de310681dbf5279c36914149d55
gitgithub,1,7b5cb88ce47a6367a08c9edcfa140e6c9022d068,7b5cb88,docs: add Git installation tutorials for OS platforms,https://github.com/havaianasdestruido/gitgithub/commit/7b5cb88ce47a6367a08c9edcfa140e6c9022d068
KaukaMed,2,aaa20a96d1582ff11508d38f6f2ccc14670e01a7,aaa20a9,feat(web): substitui esqueleto Next.js pelo front-end OdontoAura (Vite + React) ligado ao Supabase,https://github.com/havaianasdestruido/KaukaMed/commit/aaa20a96d1582ff11508d38f6f2ccc14670e01a7
KaukaMed,2,0d7603161b8e5104d1d6779f7a3145e10bb10b29,0d76031,Fix CodeRabbit issues in PR #2,https://github.com/havaianasdestruido/KaukaMed/commit/0d7603161b8e5104d1d6779f7a3145e10bb10b29
KaukaMed,3,c8320cd3161acd133800fd3602d532d2e20e859a,c8320cd,Entrega 4: quebra da SPEC em tarefas de programação (docs/tasks/*.md),https://github.com/havaianasdestruido/KaukaMed/commit/c8320cd3161acd133800fd3602d532d2e20e859a
KaukaMed,1,02ed2186405a5f5e5d56f01e8fd06e1504bc17d2,02ed218,chore(setup): inicializa monorepo com npm workspaces e apps api/web,https://github.com/havaianasdestruido/KaukaMed/commit/02ed2186405a5f5e5d56f01e8fd06e1504bc17d2
KaukaMed,1,5dc29f9c82e94057eba5ecebcf059a6a17ad592c,5dc29f9,feat(shared): adiciona pacote de tipos compartilhados entre web e api,https://github.com/havaianasdestruido/KaukaMed/commit/5dc29f9c82e94057eba5ecebcf059a6a17ad592c
KaukaMed,1,10f76d7392206fabef104b2a471ed7bc5ee975fa,10f76d7,"chore(qualidade): configura ESLint, Prettier, Husky e lint-staged",https://github.com/havaianasdestruido/KaukaMed/commit/10f76d7392206fabef104b2a471ed7bc5ee975fa
KaukaMed,1,52d1c76139eab0a989925c774ed33817ccc67967,52d1c76,chore(env): configura variáveis de ambiente por ambiente,https://github.com/havaianasdestruido/KaukaMed/commit/52d1c76139eab0a989925c774ed33817ccc67967
KaukaMed,1,7d306155d5da9b37dab4b57f476cd8deee096807,7d30615,chore(docker): adiciona Docker Compose com PostgreSQL e Redis para dev local,https://github.com/havaianasdestruido/KaukaMed/commit/7d306155d5da9b37dab4b57f476cd8deee096807
Neo-Order-project,1,bb460e6c67ed640ad48b6faba1e0a4ef642006ee,bb460e6,"Eitcha! Renomeia o sistema pra Neokirk e salpica resenha, 67, la ele, bora bill e tche tcheee no código inteiro",https://github.com/havaianasdestruido/Neo-Order-project/commit/bb460e6c67ed640ad48b6faba1e0a4ef642006ee
nomescenso2022,1,8f5ccaa14cc40f38f2f2a46805509f85b9be4d8e,8f5ccaa,Add IBGE Censo 2022 nomes scraper (live + offline-cache modes),https://github.com/havaianasdestruido/nomescenso2022/commit/8f5ccaa14cc40f38f2f2a46805509f85b9be4d8e
nomescenso2022,1,8aa4da925af1ca49db7ffb4de9efb05c908bf448,8aa4da9,CI: run scraper on GitHub runners and commit JSONL results,https://github.com/havaianasdestruido/nomescenso2022/commit/8aa4da925af1ca49db7ffb4de9efb05c908bf448
nomescenso2022,1,1cfda0f0df9391f30f60b7c70464e0db3abaeced,1cfda0f,CI: self-diagnosing scrape workflow (commits ci_status.txt always),https://github.com/havaianasdestruido/nomescenso2022/commit/1cfda0f0df9391f30f60b7c70464e0db3abaeced
nomescenso2022,1,e1ab3323d97623b568de27c7fac85198d44731c2,e1ab332,"Full IBGE Censo 2022 name rankings (128,458 nomes / 201,601 sobrenomes) + stdlib scraper (live/cache/sqlite modes)",https://github.com/havaianasdestruido/nomescenso2022/commit/e1ab3323d97623b568de27c7fac85198d44731c2
nomescenso2022,1,0a151329f85837a00d83a47e850a05ceb4dc2022,0a15132,"Address review: cache completeness validation, live-mode resume, identity-tagged cache files, bounded batching with fast-fail, selection-aware default output name",https://github.com/havaianasdestruido/nomescenso2022/commit/0a151329f85837a00d83a47e850a05ceb4dc2022
OdontoAura,70,504f8611c19fda7902be3cf4b70a61d55ec937d9,504f861,feat(frontend): configure Next.js static export & GitHub Pages workflow,https://github.com/havaianasdestruido/OdontoAura/commit/504f8611c19fda7902be3cf4b70a61d55ec937d9
OdontoAura,70,f24ea0f13368e509e62c642c7dd91577f0869ec0,f24ea0f,fix(ci): update pnpm action version and configure GitHub Pages static export,https://github.com/havaianasdestruido/OdontoAura/commit/f24ea0f13368e509e62c642c7dd91577f0869ec0
OdontoAura,70,d0f81e0f8ad022761a38077e31ae985e1d2946dc,d0f81e0,Merge branch 'main' into jules-426731085996982659-7bcf478f,https://github.com/havaianasdestruido/OdontoAura/commit/d0f81e0f8ad022761a38077e31ae985e1d2946dc
OdontoAura,65,47a83c3240b24f115e49eb3eaf5df4ffc5004fe1,47a83c3,Host frontend on GitHub Pages with Next.js static export and CI workflow,https://github.com/havaianasdestruido/OdontoAura/commit/47a83c3240b24f115e49eb3eaf5df4ffc5004fe1
OdontoAura,65,c78f62eaf5eb36f3ce1762a5bffea51e0c47dddb,c78f62e,Host frontend on GitHub Pages with Next.js static export and CI workflow,https://github.com/havaianasdestruido/OdontoAura/commit/c78f62eaf5eb36f3ce1762a5bffea51e0c47dddb
OdontoAura,65,59802b85c195337f55aaa5c68ceee7609b0334d7,59802b8,Host frontend on GitHub Pages with Next.js static export and CI workflow,https://github.com/havaianasdestruido/OdontoAura/commit/59802b85c195337f55aaa5c68ceee7609b0334d7
OdontoAura,69,cf7ab842a3feaf21c6f6ceef3d39b7d475244156,cf7ab84,"I have updated the frontend login flow to cleanly redirect users to the dashboard upon successful authentication. Specifically, I modified the login action handler in `apps/frontend/src/app/auth/login/page.tsx` to update the window location to `/dashboard`, and I also added a unit test suite to cover the login page.",https://github.com/havaianasdestruido/OdontoAura/commit/cf7ab842a3feaf21c6f6ceef3d39b7d475244156
OdontoAura,69,8e395c88961ba949ce9eeeaf7d2456815c4d0b65,8e395c8,fix(frontend): add unit tests for login page and clean up dashboard effect,https://github.com/havaianasdestruido/OdontoAura/commit/8e395c88961ba949ce9eeeaf7d2456815c4d0b65
OdontoAura,68,65a2a759b26c100adbea42f3fe6c9f8909bf6249,65a2a75,ci: update Node.js version to 22,https://github.com/havaianasdestruido/OdontoAura/commit/65a2a759b26c100adbea42f3fe6c9f8909bf6249
OdontoAura,67,2b4d5301d3ea4cd3c33c24202f2435f5b9cce931,2b4d530,fix(ci): remove explicit pnpm version from action-setup,https://github.com/havaianasdestruido/OdontoAura/commit/2b4d5301d3ea4cd3c33c24202f2435f5b9cce931
OdontoAura,66,504f8611c19fda7902be3cf4b70a61d55ec937d9,504f861,feat(frontend): configure Next.js static export & GitHub Pages workflow,https://github.com/havaianasdestruido/OdontoAura/commit/504f8611c19fda7902be3cf4b70a61d55ec937d9
OdontoAura,64,f46419fc828ab23cbfad74c56309b4b5c5c12d60,f46419f,chore(deps): bump lucide-react from 0.400.0 to 1.45.0,https://github.com/havaianasdestruido/OdontoAura/commit/f46419fc828ab23cbfad74c56309b4b5c5c12d60
OdontoAura,63,484591e47f86b194e07a6c8a02a6ab562e12e5cd,484591e,chore(deps): bump react and @types/react,https://github.com/havaianasdestruido/OdontoAura/commit/484591e47f86b194e07a6c8a02a6ab562e12e5cd
OdontoAura,62,be2259be8a673174420c4f9286411aaee37730b3,be2259b,chore(deps): bump next from 15.5.25 to 16.3.5,https://github.com/havaianasdestruido/OdontoAura/commit/be2259be8a673174420c4f9286411aaee37730b3
OdontoAura,61,00b78d9c6a810c3df08a3a15f308bfab604686a6,00b78d9,chore(deps-dev): bump autoprefixer from 10.5.4 to 10.5.6,https://github.com/havaianasdestruido/OdontoAura/commit/00b78d9c6a810c3df08a3a15f308bfab604686a6
OdontoAura,60,7a725b117b0b58da4b2bd0f7a7ca76aa422a1040,7a725b1,chore(deps): bump react-dom and @types/react-dom,https://github.com/havaianasdestruido/OdontoAura/commit/7a725b117b0b58da4b2bd0f7a7ca76aa422a1040
OdontoAura,59,a80bd65f84c417c28d1dee1d13381248d001d099,a80bd65,chore(deps-dev): bump @types/passport-jwt from 4.0.0 to 4.0.1,https://github.com/havaianasdestruido/OdontoAura/commit/a80bd65f84c417c28d1dee1d13381248d001d099
OdontoAura,58,ac63a956dbf02183ee2a0aab9452e827e2abb63a,ac63a95,chore(deps-dev): bump @types/node from 20.19.43 to 26.5.1,https://github.com/havaianasdestruido/OdontoAura/commit/ac63a956dbf02183ee2a0aab9452e827e2abb63a
OdontoAura,57,7bd8a6ee3e81a1f6a624d5a3ca388170c0c3d280,7bd8a6e,chore(deps): bump zod from 4.5.4 to 4.6.2,https://github.com/havaianasdestruido/OdontoAura/commit/7bd8a6ee3e81a1f6a624d5a3ca388170c0c3d280
OdontoAura,56,e364ec0e792836d377213cbf9ac6833a630d506f,e364ec0,chore(deps-dev): bump eslint-config-next from 15.5.25 to 16.3.5,https://github.com/havaianasdestruido/OdontoAura/commit/e364ec0e792836d377213cbf9ac6833a630d506f
OdontoAura,55,e1b583493c15c57aee56b59a11cdb0e4881ae9cf,e1b5834,chore(deps-dev): bump @typescript-eslint/eslint-plugin,https://github.com/havaianasdestruido/OdontoAura/commit/e1b583493c15c57aee56b59a11cdb0e4881ae9cf
OdontoAura,54,58938066ca7c82311205db074a4fbdf8b06359cf,5893806,chore(deps-dev): bump @typescript-eslint/parser from 8.69.0 to 8.70.0,https://github.com/havaianasdestruido/OdontoAura/commit/58938066ca7c82311205db074a4fbdf8b06359cf
OdontoAura,53,37a2f07a3b508b710135ca91bf221ccc15f835d4,37a2f07,chore(deps-dev): bump @nestjs/schematics from 10.2.3 to 12.0.1,https://github.com/havaianasdestruido/OdontoAura/commit/37a2f07a3b508b710135ca91bf221ccc15f835d4
OdontoAura,52,d937d12d845d79f0e3ef6274c919993c440bd606,d937d12,chore(deps): bump actions/github-script from 6 to 9,https://github.com/havaianasdestruido/OdontoAura/commit/d937d12d845d79f0e3ef6274c919993c440bd606
OdontoAura,51,ca21f08d3da8603d9ff00218d6b31b9f47e9718e,ca21f08,chore(deps): bump actions/dependency-review-action from 4 to 5,https://github.com/havaianasdestruido/OdontoAura/commit/ca21f08d3da8603d9ff00218d6b31b9f47e9718e
OdontoAura,50,d2a93ee250cb39b223528e4a69665e4dc5db31ab,d2a93ee,chore(deps): bump actions/labeler from 4 to 7,https://github.com/havaianasdestruido/OdontoAura/commit/d2a93ee250cb39b223528e4a69665e4dc5db31ab
OdontoAura,49,36171de0ae0e8415386888655c0ec4a8f7494a59,36171de,chore(deps): bump actions/checkout from 4 to 7,https://github.com/havaianasdestruido/OdontoAura/commit/36171de0ae0e8415386888655c0ec4a8f7494a59
orelha,1,dee20af3633d20f0fcd76b1c06b48805c60ca791,dee20af,[ImgBot] Optimize images,https://github.com/havaianasdestruido/orelha/commit/dee20af3633d20f0fcd76b1c06b48805c60ca791
PhoenixLiveWallpaper,8,d107799f7c1ccf0d1878fa84c0cefa9a1fbfc736,d107799,Phoenix Live Wallpaper: FNF menu backgrounds as a Haxe Android live wallpaper,https://github.com/havaianasdestruido/PhoenixLiveWallpaper/commit/d107799f7c1ccf0d1878fa84c0cefa9a1fbfc736
PhoenixLiveWallpaper,8,adc7975edfed16ac23896526aa820f294207f214,adc7975,CI: split the Haxe install into diagnosable steps,https://github.com/havaianasdestruido/PhoenixLiveWallpaper/commit/adc7975edfed16ac23896526aa820f294207f214
PhoenixLiveWallpaper,8,e8cf0e4e811ddd2551d79d7fb8cfefd234ee6ffc,e8cf0e4,"CI: apt fallback for the Haxe download, no SIGPIPE traps, failure diagnostics",https://github.com/havaianasdestruido/PhoenixLiveWallpaper/commit/e8cf0e4e811ddd2551d79d7fb8cfefd234ee6ffc
PhoenixLiveWallpaper,8,a3db4485306deb064cfc05f7b347526492b44f70,a3db448,"CI: ldconfig the bundled Haxe libs, split the selftest per binary",https://github.com/havaianasdestruido/PhoenixLiveWallpaper/commit/a3db4485306deb064cfc05f7b347526492b44f70
PhoenixLiveWallpaper,8,b657b76104fe7e003d0c3ed8cd1e35d1e7f27a01,b657b76,CI: fall back to the distro haxelib when the bundled one cannot exec,https://github.com/havaianasdestruido/PhoenixLiveWallpaper/commit/b657b76104fe7e003d0c3ed8cd1e35d1e7f27a01
PhonkHub,1,1157448635d2332673f45483671e2cab1c95f135,1157448,refactor: rename project to PhonkHub with brazilian meme lexicon,https://github.com/havaianasdestruido/PhonkHub/commit/1157448635d2332673f45483671e2cab1c95f135
Quack3DMM,1,9dd932827b3a2b121581b6d46db4e2f22af36b0d,9dd9328,[ImgBot] Optimize images,https://github.com/havaianasdestruido/Quack3DMM/commit/9dd932827b3a2b121581b6d46db4e2f22af36b0d
R2K16,2,d7f519da3b8d2c4b6b201c655273292229b4619d,d7f519d,Bump the npm_and_yarn group across 2 directories with 3 updates,https://github.com/havaianasdestruido/R2K16/commit/d7f519da3b8d2c4b6b201c655273292229b4619d
R2K16,1,7868b756bd7dc1cdcfe5292e0025046d640bdede,7868b75,Bump the npm_and_yarn group across 2 directories with 3 updates,https://github.com/havaianasdestruido/R2K16/commit/7868b756bd7dc1cdcfe5292e0025046d640bdede
Rbx2Source-enhanced,1,66c6a125faa3778f543762e13a1a0afc93e399e6,66c6a12,[ImgBot] Optimize images,https://github.com/havaianasdestruido/Rbx2Source-enhanced/commit/66c6a125faa3778f543762e13a1a0afc93e399e6
seohelper,2,ce1f740d52f3b643d4a441b187060fa7a9cefa80,ce1f740,Package the scan skill as an installable plugin,https://github.com/havaianasdestruido/seohelper/commit/ce1f740d52f3b643d4a441b187060fa7a9cefa80
seohelper,2,4671b6df392b050968e4f9c392f3e78b81539648,4671b6d,Use the current action majors in CI,https://github.com/havaianasdestruido/seohelper/commit/4671b6df392b050968e4f9c392f3e78b81539648
seohelper,1,0cf919c768ed72c83ad523229924c294187dac4d,0cf919c,Refocus scan skill on plain-text chat results,https://github.com/havaianasdestruido/seohelper/commit/0cf919c768ed72c83ad523229924c294187dac4d
Sonic4,1,b8761650af88efeb084aa64d23a411cbb9d30987,b876165,[ImgBot] Optimize images,https://github.com/havaianasdestruido/Sonic4/commit/b8761650af88efeb084aa64d23a411cbb9d30987
steamlogger,1,da63afce1905635b901bc16af104022937168df1,da63afc,Tolerate brief missing Steam game polls,https://github.com/havaianasdestruido/steamlogger/commit/da63afce1905635b901bc16af104022937168df1
WindowsMovieMakerDecomp,2,a129e04a21227883e148e93ac852cf47054e71ae,a129e04,ci: build each CMake project,https://github.com/havaianasdestruido/WindowsMovieMakerDecomp/commit/a129e04a21227883e148e93ac852cf47054e71ae
WindowsMovieMakerDecomp,2,8b29433062320266ed913539ec6848fd1f2690b8,8b29433,ci: pin Visual Studio 2022 runner,https://github.com/havaianasdestruido/WindowsMovieMakerDecomp/commit/8b29433062320266ed913539ec6848fd1f2690b8
WindowsMovieMakerDecomp,1,0587ed0e3fa7c578dfba5e54ec0f5f2dfcacc186,0587ed0,Add reconstruction TODO audit annotations,https://github.com/havaianasdestruido/WindowsMovieMakerDecomp/commit/0587ed0e3fa7c578dfba5e54ec0f5f2dfcacc186
