repo,login,starred_at,profile_url
FNF-Phoenix-Engine,yigitoztrk22-ship-it,2026-09-22,https://github.com/yigitoztrk22-ship-it
FNF-Phoenix-Engine,havaianasdestruido,2026-09-26,https://github.com/havaianasdestruido
FNF-Phoenix-Engine,AShadownEX,2026-10-04,https://github.com/AShadownEX
blaster,moxie-coder,2026-09-10,https://github.com/moxie-coder
hemorroidabot,havaianasdestruido,2026-09-18,https://github.com/havaianasdestruido
PersonaDB,havaianasdestruido,2026-09-24,https://github.com/havaianasdestruido
pong-pop,havaianasdestruido,2026-09-20,https://github.com/havaianasdestruido
PrintSpoolerAutoRun,havaianasdestruido,2026-09-18,https://github.com/havaianasdestruido
R2K16,tdort,2026-10-03,https://github.com/tdort
sitemapping,havaianasdestruido,2026-09-13,https://github.com/havaianasdestruido
top100,havaianasdestruido,2026-09-20,https://github.com/havaianasdestruido
